"","name","POS_A_128_","POS_B_32_","POS_C_8_","POS_D_2_","POS_E_0.5_","POS_F_0.125_","NEG_A_0_","NEG_B_0_","NEG_C_0_","NEG_D_0_","NEG_E_0_","NEG_F_0_","CENPB","CTBP1","GNB2L1","RERE","SNRPD2","UQCR","ABCA8","ADAMDEC1","AIM2","ALDH1A3","ALOX5","ANKRD22","ANKRD29","APOL3","ARHGAP25","BCL11B","BIRC3","C14orf132","C18orf51","C4orf7","C9orf61","CA14","CCL19","CCL21","CCL5","CCL8","CCR7","CD19","CD2","CD247","CD38","CD3D","CD3G","CD52","CD6","CD69","CD7","CD79A","CD84","CD86","CD8A","CD96","CILP","CLEC10A","CLECL1","CMBL","COL11A1","COL4A5","CPN1","CXCL10","CXCL13","CXCL9","CXCR6","CYBB","CYorf15A","CYP2J2","DARC","DCT","DHRS9","DNAH2","DNASE1L3","DSCR8","DYNC1I1","EIF1AY","EPSTI1","ERAP2","EVI2B","FABP7","FAM46C","FGL2","FOXD1","GBP1","GBP2","GBP4","GBP5","GCH1","GIMAP4","GIMAP7","GJB2","GPR143","GVIN1","GZMA","GZMB","GZMK","HAMP","HCG4","HLA_DOA","HLA_DPA1","HLA_DQA1","HLA_DQB1","HLA_DRB3","HLA_DRB4","HS.554324","HSD11B1","ICOS","IFI44L","IFNG","IGJ","IGSF6","IKZF1","IL13RA2","IL15","IL18RAP","IL2RA","IL2RB","IL32","IL7R","INDO","IRF8","IRX3","IRX6","JARID1D","JSRP1","KIR2DL3","KLRB1","KU_MEL_3","LAG3","LAX1","LCP1","LILRB2","LOC400759","LOC641738","LOC642113","LOC644150","LOC647450","LOC649143","LOC649923","LOC651751","LOC652102","LOC652493","LOC652694","LOC653879","LRP4","LTB","LYN","LYZ","MAGEA10","MAGEC1","MAGEC2","MAPK4","MAPT","MEGF10","MGST1","MMP12","MS4A6A","NKX2_2","OLR1","P2RY13","PLA2G7","PLCL2","PLEK","PLEKHB1","PTPN22","PVRIG","PYHIN1","QPCT","RAC2","RGS1","RND2","RNF126P1","S100A8","SAMD3","SAMD9L","SAMSN1","SERPINA5","SERPINF1","SILV","SLAMF1","SLAMF6","SLAMF8","SOX2","SP140","STAT1","STAT4","TCN1","TIMD4","TLR8","TMEM163","TNFRSF17","TNFRSF9","TNFSF10","TRAF3IP3","TSPAN10","TTYH1","TUBB4","TYRP1","UBD","UCP2","VCAM1","XAF1","XYLT1","ZAP70","status","time"
"1",15,36753,5607,2508,313,116,28,8,1,3,1,3,7,755,1089,31913,596,125,147,3,15,543,1410,179,8,31,93,46,12,26,73,5,395,134,20,431,283,153,22,17,23,46,29,34,12,25,503,39,7,28,33,23,31,12,5,32,33,7,89,9,221,491,26,5,17,7,68,188,97,29,2118,9,84,15,153,32,252,77,106,57,651,32,57,271,14,380,25,28,17,46,39,31,1817,14,14,14,12,4,115,49,1391,533,365,1671,324,50,8,7,32,2,212,100,66,538,22,3,26,45,13,25,12,118,164,151,270,3,1,8,27,37,6,481,36,2,666,1504,60,110,18,5253,156,6,1491,512,259,88,81,157,868,346,1629,3381,45,8,94,757,36,79,35,33,18,34,26,124,896,22,61,6,553,296,3577,11,2,94,6,18,22,1135,2991,964,10,8,14,163,3,170,20,705,11,7,20,13,19,36,5,6,160,756,7,250,362,42,30,152,25,1,507
"2",16,43375,6514,2895,370,164,39,4,3,26,5,19,11,700,919,26056,2216,90,148,77,203,508,11025,364,215,92,1451,330,167,525,39,5,993,72,15,271,380,2359,2406,91,80,736,375,901,176,422,1772,210,79,303,159,441,414,290,101,26,175,41,23,102,28,147,4561,218,3012,160,984,4,23,15,1059,33,8,32,54,34,26,1487,478,562,700,277,2591,24,4393,9089,971,3884,554,794,509,69,112,173,558,1275,127,8,93,305,5780,3976,1498,10897,1725,859,91,132,890,168,3596,614,440,512,250,113,598,549,84,250,832,835,30,38,12,24,32,63,10,747,133,4408,491,285,140,34667,88,136,191,67840,1746,9,13254,4181,203,41,377,631,4614,48,395,420,5,32,3654,1161,2788,798,27,113,159,503,167,1201,1559,216,126,122,183,1305,6526,39,12,529,104,229,669,1108,689,916,161,130,200,56,49,2186,244,87,68,75,27,91,290,832,52,28,521,135,9,14155,1265,630,548,128,267,0,2151
"3",17,27917,4300,1943,258,84,25,11,2,8,4,15,10,466,1067,15478,653,66,125,10,310,347,37432,473,148,250,920,459,188,318,44,23,101,276,133,308,89,3772,1097,39,61,568,292,1105,196,549,1771,134,71,245,200,603,385,265,97,23,185,47,98,25,16,19,2101,195,2350,152,1594,8,2,6,7561,65,14,22,14,27,11,1210,921,777,40,301,2836,59,2495,1783,1125,2669,353,943,439,33,895,191,503,255,307,30,85,969,11422,9485,3989,15755,2341,954,84,67,1620,68,11295,2038,575,23,171,36,417,481,51,121,946,943,22,63,7,16,39,82,48,496,152,4224,233,94,10,62350,25,643,179,237373,4250,3,37731,4202,1106,76,323,777,8967,15,16,21,5,14,32,167,22,1389,53,539,153,794,155,1311,136,220,138,160,64,1480,7942,19,6,491,93,197,766,252,875,23617,93,158,212,14,55,2295,171,99,33,73,791,302,213,808,75,68,27,1708,10,3686,1723,937,422,248,220,0,5216
"4",30,27021,4110,1851,231,115,19,8,2,7,3,12,3,661,1046,28144,260,101,201,8,356,793,1700,367,76,214,493,276,1037,84,89,2,2,12,12,21,201,2238,234,25,45,424,314,539,149,310,1254,79,49,221,126,274,143,244,35,21,54,50,169,40,144,7,340,31,836,61,348,72,40,5,181,21,23,24,611,30,225,512,620,268,15,196,782,6145,754,1392,238,1315,178,835,186,223,932,67,439,1278,335,17,79,212,2483,2030,1419,4055,1451,633,49,38,199,34,6807,856,306,7945,76,117,247,254,50,51,211,398,117,50,153,3,12,17,6,430,95,2871,337,18,12,168749,5,397,104,209862,1526,4,12792,683,67,120,183,370,1969,11,1215,16,1,10,1,559,597,493,59,37,230,463,133,994,24,575,94,41,456,5849,595,15,4,7106,185,41,224,20,881,2003,39,89,162,402,87,1061,88,8,107,47,33,126,167,222,46,123,7,12,4,379,1103,196,123,466,191,1,256
"5",32,36234,5636,2577,325,134,43,9,5,13,7,9,11,549,974,21298,448,125,388,17,1009,515,402,517,114,150,594,214,132,207,134,103,572,154,419,540,30,2637,1662,118,66,477,238,351,134,331,3055,149,85,154,170,506,185,164,76,14,269,38,109,73,62,51,1187,101,1309,83,834,59,13,26,8898,95,15,11,233,172,167,561,726,528,42,166,852,406,780,1201,318,784,296,414,220,64,1456,136,347,527,264,14,228,257,9084,6625,2437,12125,2436,672,542,51,248,58,4183,994,368,41,108,31,224,298,79,470,393,644,170,215,95,18,8,64,149,283,67,3617,250,43,1292,17811,37,161,112,50968,2013,40,16175,2003,198,112,470,647,17497,442,24,15,671,91,165,4128,7028,236,31,146,114,579,140,1877,269,146,115,84,7265,2206,1535,32,27,1101,94,84,302,62,847,140257,150,145,217,41,40,1857,110,132,22,55,37,84,104,364,27,611,18,5018,13802,2033,923,357,89,143,114,0,4749
"6",36,51339,7852,3460,437,151,34,1,3,4,4,4,4,251,298,3104,84,19,91,9,71,20,12,46,20,37,55,18,14,5,39,65,31,73,587,342,214,207,26,14,13,19,38,16,21,24,278,42,12,97,43,81,10,20,1,15,58,8,29,9,7,44,35,8,115,1,24,8,6,14,4029,12,14,4,71,29,5,47,84,28,11,7,68,75,15,26,62,18,32,39,19,8,4096,12,14,20,25,5,315,49,662,1378,91,2726,9,129,10,6,22,5,236,143,24,37,13,3,14,31,15,8,29,38,81,162,26,6,2,5,590,77,9,136,66,14,202,20073,19,98,9,51110,654,14,3639,881,90,37,56,21,772,323,11,864,989,25,102,1602,10,13,22,16,8,57,11,50,436,23,40,9,4141,180,96,25,2,26,12,11,6,39,3178,141438,2,0,11,10,4,80,13,50,9,7,75,26,16,35,13,1899,3,5157,832,311,846,12,11,15,47,1,238
"7",37,25663,4037,1847,227,84,32,15,3,21,2,15,6,430,811,12488,802,77,193,19,245,378,1815,588,162,342,888,516,179,258,24,5,168,61,23,570,742,2139,779,49,119,597,356,1035,170,435,4238,119,87,162,279,840,467,183,86,32,242,84,15,16,32,101,1078,95,888,96,1290,211,6,18,441,95,1,43,146,684,498,806,193,988,2491,506,2803,46,1017,2362,488,2271,269,1251,507,168,1097,197,441,392,318,23,73,672,10844,6952,759,12832,8,842,138,76,183,61,24950,2039,606,2063,127,37,577,310,53,200,292,1117,35,101,340,16,6,153,11,347,290,5534,728,20,2795,23100,16,386,44,398350,36561,1,30685,1501,225,93,359,940,7875,10,35,1160,5,14,223,183,4523,1403,194,340,165,950,183,1957,70,203,125,110,194,2020,4791,12,5,703,110,113,837,26,641,2498,119,159,287,34,52,1537,149,8,73,70,43,363,212,622,70,29,8,205,9,832,2600,607,273,71,210,0,2969
"8",45,23161,3629,1854,231,96,26,14,3,17,5,10,8,417,1020,15468,954,75,191,10,486,327,548,468,139,257,1117,420,301,708,230,72,1004,221,32,6154,2573,1615,190,221,439,679,479,897,231,599,2269,198,117,204,402,477,229,143,156,13,217,56,32,15,14,6,2448,152,2984,43,1007,4,11,34,17654,61,35,143,303,45,2,789,1316,904,49,481,2235,9,1643,4232,1299,1343,237,868,598,35,3135,284,245,280,211,18,180,722,15055,6899,2629,17929,5,1146,67,107,376,44,17618,1234,674,22,177,42,137,340,73,538,471,1183,71,187,7,14,9,94,29,169,281,3601,190,76,11,78610,16,1332,112,264828,37583,7,86920,8223,2018,8,1019,449,30380,13,21,64,4,41,50,25,54,889,53,337,240,718,196,1113,271,163,184,136,1388,1727,7759,12,13,259,146,345,422,42,9603,39920,148,153,200,135,33,1886,247,111,39,93,37,393,159,595,89,410,10,750,27,3913,1504,665,520,85,293,0,2974
"9",49,40540,6211,2714,357,112,39,2,2,23,6,8,10,377,802,13793,781,31,123,6,372,59,189,879,19,86,516,438,103,116,116,7,243,29,8,718,3004,694,191,152,107,357,178,259,109,218,3043,143,39,167,181,1553,397,57,63,50,224,38,127,211,37,9,155,426,246,36,737,252,6,133,41,59,12,76,9,15,235,443,93,621,9,61,738,15,167,646,130,171,111,676,395,24,37,96,151,250,74,11,77,586,7570,4288,3688,19138,29,522,110,37,82,5,900,744,596,9,71,26,303,236,48,493,100,1711,16,19,300,9,7,119,7,40,38,3675,729,13,10,7340,7,124,90,43883,1137,8,3014,421,1419,51,963,429,22077,5,9,11,5,7,11,294,44,3247,19,73,295,1333,244,1060,42,115,72,28,237,1124,348,17,5,1404,42,74,274,19,5936,288,69,99,221,11,31,299,147,11,14,112,34,33,35,441,51,12,1,34,21,621,3884,178,188,102,145,0,3044
"10",52,31290,4836,2255,257,99,40,12,2,5,3,8,5,442,868,13474,626,33,143,34,221,268,168,467,121,146,1358,562,314,132,36,4,230,81,14,959,136,10087,151,153,245,1459,752,573,488,977,3375,463,76,559,645,488,248,572,113,296,267,32,52,74,11,45,883,218,1352,179,580,6,1,98,720,79,4,28,11,88,11,566,144,615,388,205,1202,39,565,1323,697,1550,309,836,453,313,1212,254,544,338,593,11,74,1114,22984,13300,11515,27392,8332,3495,46,85,205,83,2854,1002,850,22,89,10,68,1210,94,139,443,1133,31,41,6,8,19,78,22,1056,126,3674,313,26,408,67591,13,163,297,214738,2479,3,38536,1618,5318,85,1156,536,12778,9,19,29,4,18,469,139,5,1104,68,174,131,134,108,1024,433,183,227,144,273,3113,467,16,5,60,114,79,230,50,1786,15416,341,247,281,16,30,1499,160,16,41,41,27,155,223,459,132,353,17,297,47,4715,3266,472,183,87,536,1,169
"11",53,40997,6068,2575,355,135,43,7,12,9,2,6,12,889,678,9978,274,39,124,4,216,32,905,92,24,15,54,68,27,20,68,18,102,61,79,454,398,664,82,32,105,72,57,25,36,36,458,50,18,141,41,166,46,18,9,12,46,7,17,66,15,182,83,8,117,22,60,27,7,8,1012,9,17,9,17,5,21,151,127,61,39,13,200,9,69,147,79,45,44,79,56,13,1672,19,28,60,34,15,112,70,2292,2069,1443,9607,20,232,11,20,487,7,177,387,57,21,21,7,41,82,44,28,37,64,46,93,52,3,6,16,19,189,13,239,161,10,25,2793,36,59,13,11942,195,13,1218,190,732,44,114,27,1524,7,27,16,122,24,21,88,5,105,12,19,22,138,27,78,1972,32,68,18,1292,249,115,48,5,43,17,27,30,239,1795,185433,15,13,27,15,4,145,26,180,7,15,62,18,25,150,17,639,11,1633,20,413,485,33,61,14,122,1,2408
"12",61,51530,7933,3513,424,160,41,11,7,21,7,6,7,464,826,6525,431,66,117,25,30,26,150,461,39,47,55,51,22,45,44,34,16,57,126,94,473,202,290,49,41,39,60,40,44,26,577,42,18,53,46,85,59,40,12,62,162,22,42,501,47,46,22,13,25,16,76,11,14,72,172,17,19,13,26,44,24,120,36,88,79,22,160,105,25,49,33,35,113,97,46,103,2306,17,17,78,15,14,123,198,5332,2949,1322,17359,45,126,63,16,84,14,292,127,71,27,30,26,57,88,86,23,25,452,166,41,21,17,5,20,54,35,16,238,315,10,97,6300,59,69,74,24916,1518,30,3437,188,2282,66,135,97,2243,25,30,127,267,23,96,723,67,371,32,28,31,57,33,240,111,63,77,19,1449,477,64,27,15,254,31,33,50,42,6236,41046,36,19,83,12,11,55,37,19,11,23,157,19,30,51,10,127,49,465,39,61,650,255,36,72,37,1,176
"13",64,31248,4778,2216,277,108,23,3,0,14,0,4,5,267,788,17130,615,34,151,28,613,613,215,1376,33,351,1125,698,388,694,94,9,3011,51,23,8613,13545,905,305,438,1398,804,538,718,356,733,7814,257,192,267,981,559,243,91,196,277,258,108,53,204,74,2,710,452,656,27,989,348,0,274,140,44,1,181,3,35,869,712,296,1406,67,642,1727,11,499,1153,211,653,235,1331,1103,35,147,587,177,284,204,11,152,671,9205,5228,1970,14551,63,1738,60,85,260,8,16913,1108,1154,21,203,57,221,380,83,991,182,2443,55,22,681,5,5,225,3,59,261,6544,298,32,106,30695,8,153,164,107120,3110,4,11326,1316,2892,24,2946,823,16012,5,4,5,1,10,30,107,79,1667,19,130,221,757,334,1326,85,232,266,137,774,3916,1419,5,5,595,159,187,507,43,3790,2077,250,248,173,22,121,676,394,13,135,59,65,851,243,1381,195,39,2,36,174,2898,2408,1175,433,118,495,1,378
"14",66,28278,4653,2045,229,116,21,11,5,7,1,13,9,508,1441,20828,1134,109,249,6,371,379,2036,338,42,288,980,188,91,434,11,9,589,213,102,677,342,733,421,59,137,313,195,455,70,222,1261,72,74,101,293,267,160,72,86,29,48,55,11,24,668,34,857,104,670,31,455,383,18,11,349,8,53,51,11,666,1352,616,216,497,16,347,1123,254,599,2378,251,602,131,395,214,26,20,97,121,78,178,24,104,249,7568,3899,1382,14210,6,384,49,41,999,16,5280,479,259,30,86,44,75,172,33,211,247,346,38,158,477,15,12,48,10,180,130,1564,102,41,13,152568,80,837,152,263201,4289,4,145661,22521,361,12,360,247,4624,18,25,26,3,17,39,14,345,442,61,198,101,294,127,449,91,120,182,56,145,1184,3585,14,10,203,98,390,248,42,460,82,114,87,83,141,50,1156,104,16,21,25,125,240,86,590,58,27,13,425,20,1392,644,368,567,230,135,0,1498
"15",69,45033,7028,2959,418,149,38,12,1,27,6,10,14,654,1038,17020,861,124,264,195,470,943,17405,875,33,273,250,205,49,57,278,9,21,42,11,265,39,672,156,33,27,140,125,257,66,104,434,46,39,76,107,623,333,100,187,34,141,20,105,251,117,91,49,26,106,36,476,256,72,24,36,19,51,6,232,98,495,169,417,535,41,248,368,18,143,973,63,243,155,455,129,531,22,59,117,124,88,13,46,378,7118,4272,621,14751,17,293,225,22,25,4,1090,417,286,130,56,72,325,100,38,390,71,331,35,31,593,10,14,65,6,73,33,1739,485,10,12,24037,10,34,92,96935,1855,14,34069,2794,1238,84,149,457,8955,17,390,2564,5,19,186,430,32,997,36,67,92,364,105,604,1870,165,62,15,1160,1577,2220,60,13,2762,40,47,317,3838,5814,72,97,53,219,28,16,205,63,17,22,83,294,33,145,242,28,26,11,18,77,231,727,207,132,214,83,0,3704
"16",74,11494,2024,928,122,53,13,11,0,12,1,11,3,129,406,4259,286,26,62,4,1237,374,79,320,264,336,1114,400,194,2146,13,24,363,56,151,566,218,2982,1031,42,376,877,360,1749,200,626,2222,177,116,240,765,525,354,649,118,21,237,78,20,993,9,20,2466,676,3046,104,1069,11,0,24,115,56,5,33,8,20,8,1020,864,932,33,718,2854,10,1330,1362,744,2569,306,829,522,18,676,251,373,280,177,13,274,707,9353,6588,1697,12816,1203,910,143,105,1417,127,12858,1912,571,14,136,38,227,471,82,176,647,801,9,40,11,13,27,54,143,774,311,3386,217,68,5,166751,17,1878,399,309951,15050,4,74484,3673,566,9,291,593,18779,8,18,18,93,15,95,25,29,1254,56,131,198,794,192,1026,39,221,136,155,2187,1727,843,5,4,159,95,315,482,26,512,32367,191,196,192,18,64,2108,183,22,25,114,28,731,131,955,80,411,6,216,3158,4473,1180,288,676,21,272,0,2885
"17",103,31737,4808,2141,292,94,32,6,5,11,7,8,1,371,985,13672,751,90,280,13,735,943,224,555,234,155,1418,806,602,842,22,13,3797,231,315,2499,3707,3644,225,480,952,1296,832,1084,482,1249,5516,415,114,486,960,720,315,873,272,17,278,168,23,409,19,199,2119,569,4244,159,954,373,11,122,8328,39,7,298,137,141,1223,985,1065,1161,48,291,3462,16,1624,3549,819,2988,428,1708,1190,13,3580,564,529,978,529,15,359,1101,17605,9997,322,18792,21,2207,58,166,399,163,13663,1501,1326,26,155,67,162,834,117,575,784,2759,237,170,576,12,8,83,1067,532,284,6531,239,73,809,39745,5,174,191,95422,2195,6,22565,1906,1944,16,1956,812,26949,10,28,65,205,11,26,1328,23,1205,42,139,177,541,283,1913,111,366,307,316,4690,3540,4768,19,5,259,203,302,671,32,1166,114046,227,352,236,62,114,2442,374,71,97,83,90,253,349,1067,197,474,7,809,51,8151,2990,1073,540,62,666,0,4875
"18",119,29968,4792,2173,272,106,39,5,5,20,4,3,13,899,826,14332,439,53,132,7,83,20,72,341,25,18,143,99,24,18,22,77,14,99,1267,79,19,688,125,30,17,82,76,55,47,67,807,55,16,65,12,144,64,41,11,12,159,13,108,23,26,61,58,15,116,21,116,12,38,10,72,24,11,7,14,55,24,48,128,57,38,13,187,97,10,195,45,71,34,116,43,18,4193,20,73,50,24,8,29,368,7203,4937,2726,16073,23,247,10,8,42,4,182,188,88,834,23,13,24,121,32,16,36,204,18,37,44,2,8,14,17,64,3,656,194,9,255,2827,5,8,27,11360,102,4,646,442,663,11,120,85,4398,9,13,13,32,24,242,278,73,287,11,32,27,78,18,236,801,29,65,27,6000,2825,71,36,9,196,13,26,39,57,9023,131011,10,23,116,10,2,154,26,45,16,15,11,19,23,31,18,858,7,935,6,289,768,34,19,8,70,1,27
"19",120,15465,1554,1162,94,34,21,7,4,15,5,2,3,1134,1272,34417,2217,104,536,311,17,20,1929,138,18,12,210,101,17,16,72,67,10,418,669,20,21,236,413,13,24,46,33,64,21,29,190,25,17,22,19,91,64,29,7,51,31,14,27,18,174,14,7,1,10,3,12,3,7,0,562,0,7,10,450,109,1,266,267,56,335,125,204,853,135,451,120,45,52,164,39,1034,1921,15,16,16,16,4,278,108,2428,1337,508,3289,610,44,19,11,459,6,174,224,73,59,19,6,73,39,9,10,43,145,490,168,15,3,6,8,63,43,12,480,86,19,82,1706,47,23,25,5990,128,3,930,48,167,438,32,207,467,569,2347,4953,25,36,5761,485,5,273,13,20,43,47,44,230,2395,25,45,8,2958,235,948,88,4,62,9,54,53,1883,3433,27842,235,8,26,204,5,236,13,22,13,12,20,11,14,72,20,380,336,4075,1245,301,446,1145,80,1541,13,1,490
"20",125,35761,5346,2513,324,113,26,8,6,15,5,8,2,618,908,26440,432,137,457,18,70,67,441,148,18,80,120,90,34,87,111,88,55,854,871,262,71,312,97,27,52,113,56,205,32,75,1032,27,29,53,106,128,75,22,40,22,50,18,10,14,196,401,144,35,189,11,264,360,77,16,2399,13,14,12,585,291,1536,116,108,272,45,238,339,10,59,345,79,165,49,232,122,63,9023,60,47,57,76,9,283,113,1774,986,1346,2307,441,154,11,14,158,12,5054,188,104,22,31,17,71,71,10,76,51,169,820,141,679,8,7,29,97,41,78,1074,60,34,4530,26093,52,66,44,101515,1232,12,21943,5121,210,88,99,180,1932,635,486,677,844,102,1318,134,108,198,21,58,27,127,63,247,745,59,138,40,16850,429,9436,14,6,109,32,83,147,70,579,333780,35,38,55,23,21,626,51,169,11,20,50,73,31,231,20,1769,141,3041,191,335,367,133,104,26,46,1,275
"21",142,37366,5666,2632,308,115,28,5,1,9,6,2,4,383,920,16473,720,73,241,54,288,417,233,697,24,209,933,631,634,953,118,9,4382,193,9,4357,11817,634,81,749,1306,898,825,600,415,946,7162,472,176,393,1622,396,158,61,302,60,321,77,109,10,43,226,187,320,310,25,659,423,14,114,2927,32,36,793,8,359,880,550,1059,1287,1722,253,1818,137,215,884,308,770,156,1391,1141,185,3471,676,142,419,164,8,201,608,7261,4453,217,10636,3,2406,17,139,411,12,7100,848,1292,120,150,25,174,312,97,1468,274,2042,54,245,729,3,5,106,96,80,167,4355,164,11,2482,18925,5,117,147,35263,1821,5,8092,928,2170,135,3391,541,5270,4,1062,1524,61,82,549,6371,517,938,83,27,214,464,283,861,528,274,286,209,4562,3136,4309,18,4,263,163,187,432,177,7742,4516,832,288,103,73,93,847,569,2116,112,53,146,191,113,634,164,477,3,1754,7,1676,2558,832,591,119,606,1,215
"22",149,34593,5140,2192,283,127,39,23,8,12,6,15,8,1049,1196,25972,518,36,180,38,71,73,1494,413,22,100,175,80,43,30,90,10,70,121,112,364,238,509,32,28,65,64,87,67,27,52,394,55,20,69,246,85,30,69,17,127,121,17,51,90,65,76,22,15,29,5,103,30,16,36,544,17,9,13,13,20,41,37,72,62,256,77,96,17,9,121,39,38,35,83,49,102,619,13,35,112,42,20,68,228,4319,2601,1183,7224,1142,138,29,8,42,3,1310,122,111,23,35,8,66,77,28,20,40,244,145,71,53,18,9,25,26,34,18,318,78,14,32,136084,17,204,36,275345,5995,7,32955,6409,1922,68,233,96,756,15,17,26,15,28,111,31,8,306,53,60,43,30,37,165,3982,26,77,13,1513,486,59,92,7,110,19,23,54,3312,5196,68040,19,21,37,21,22,40,24,44,14,14,42,84,33,47,31,163,24,537,97,48,574,72,30,164,57,1,454
"23",172,7603,1450,709,82,50,12,9,1,5,0,14,5,85,146,3281,106,10,44,40,175,530,527,245,27,425,335,131,55,188,16,1,218,9,15,267,170,457,343,19,137,174,127,422,29,108,430,33,59,55,313,103,93,51,20,20,41,26,9,4,8,3,334,69,437,28,445,7,15,13,66,74,10,37,66,37,5,189,75,342,10,457,462,81,162,566,109,585,103,159,110,145,15,62,101,174,105,17,38,261,2280,1852,606,3352,695,188,161,13,61,11,1764,291,165,21,39,17,176,71,23,187,152,222,8,32,4,21,5,63,1,56,147,794,81,22,8,49237,11,5521,42,240620,2197,1,121407,38462,507,12,136,154,5553,137,29,23,1,12,504,23,142,282,71,45,60,147,78,291,268,45,35,20,76,1143,589,18,8,369,40,78,177,230,397,65,74,37,85,82,21,481,39,1514,28,56,65,352,29,202,22,9,10,2,6,626,358,172,251,10,43,0,4097
"24",179,35735,5104,2251,331,119,36,6,7,17,4,5,12,804,1406,67947,972,64,344,11,15,56,53,155,51,17,233,100,41,11,289,417,14,126,716,21,33,1425,226,30,73,147,123,94,96,90,461,65,11,102,44,68,78,99,20,308,159,26,139,16,35,53,198,10,198,38,314,26,49,18,19707,16,92,16,194,12,206,158,31,73,41,16,1735,145,151,201,242,238,88,180,73,17304,7192,46,107,76,112,12,70,310,10405,3092,1568,9322,7,376,14,21,76,14,81,213,139,17,26,6,42,192,26,25,30,318,381,428,575,5,4,22,487,239,21,704,117,17,44,534,9,165,37,9057,934,7,1319,17,64,48,129,180,1666,837,1046,8,19,30,386,51,7,473,69,16,50,49,33,436,976,33,70,29,3831,660,47,136,2,81,17,25,70,135,2685,196003,168,27,31,107,17,420,43,22,41,22,20,24,140,73,34,2944,8,1076,27842,660,653,119,41,39,269,1,714
"25",196,39087,5716,2749,344,125,33,3,1,5,1,1,4,456,1282,24507,427,58,130,538,6,8,9238,66,3,27,97,334,15,21,55,12,21,328,255,79,239,29,26,19,11,20,27,45,9,18,109,10,15,21,15,42,49,11,2,9,31,12,72,52,464,753,10,4,9,3,120,235,85,3,25,9,78,5,5,59,492,33,46,47,6782,44,113,293,76,356,13,24,22,99,52,206,22,11,5,7,10,4,60,47,860,325,131,1041,218,28,2,9,55,2,90,110,43,357,44,4,15,12,10,39,16,102,93,123,255,2,0,5,2,15,5,301,42,10,336,204,17,7,27,877,49,10,276,12,315,13,56,84,551,352,1005,1,10,85,554,156,5,179,326,10,21,322,72,115,5824,18,79,8,2482,98,54,47,7,60,17,69,52,3433,24576,285,4,8,13,80,3,185,27,3779,14,10,5,4,5,64,5,9,26,162,15,35,200,78,390,297,15,1,658
"26",205,41550,6127,2840,347,129,31,3,8,8,3,3,3,652,830,19998,361,156,171,87,17,22,97,59,5,21,91,66,12,5,70,24,76,153,658,27,46,77,32,9,9,25,25,40,7,10,174,12,9,30,10,162,60,10,6,68,76,7,8,80,19,11,14,5,19,6,70,120,4,7,2169,9,7,9,62,43,230,47,51,123,30,34,111,179,11,95,26,24,66,95,37,8,5184,33,17,25,5,6,100,102,2135,762,269,3382,25,27,6,6,54,4,27,328,55,41,9,5,34,32,8,9,43,75,274,233,539,5,3,4,340,12,8,269,71,12,1055,1208,6,21,18,3913,55,18,611,30,81,121,20,85,1052,363,26,541,2612,75,16,3554,5,194,68,17,23,243,23,128,150,23,53,31,8160,122,87,10,6,28,12,22,18,272,9975,168601,40,9,54,85,6,154,19,4785,5,7,8,12,10,49,17,1109,14,1147,7309,11,526,39,111,27,23,1,241
"27",217,44002,6603,3043,320,148,33,6,6,22,2,4,15,547,1475,21129,1342,97,204,354,67,486,7347,552,102,145,1754,183,54,277,16,5,39,309,98,98,8,1576,445,23,16,269,108,277,71,147,608,55,39,106,16,245,203,93,40,106,79,42,153,177,11,146,1270,51,1578,38,750,10,37,5,158,16,95,6,199,407,14,483,2187,219,322,137,1051,11,638,4037,1051,668,172,492,142,1161,14,164,190,97,106,8,350,793,13066,7243,3747,17447,2187,353,17,36,461,27,400,556,197,157,88,31,270,150,45,46,958,403,92,405,10,5,7,31,9,166,26,983,136,70,5031,1362,6,9,508,2578,206,7,458,28,1167,552,217,234,9407,12,294,2129,11,65,2086,19,10,848,13,192,90,200,219,731,1271,94,197,33,261,570,185,27,12,270,68,184,216,40,1099,3639,34,53,148,18,21,1147,98,13,25,50,21,10,107,307,28,51,17,706,8,4378,556,332,411,266,76,0,3779
"28",233,27421,4209,1943,237,83,23,5,4,20,1,6,7,437,907,19316,667,59,179,301,310,399,102,446,118,259,1840,439,345,311,52,146,692,275,1352,2050,2484,1936,111,215,351,1000,462,767,274,734,2579,216,119,262,524,475,233,518,137,150,202,78,10,19,37,286,723,214,1276,97,813,175,5,62,9463,28,2,128,13,183,324,639,896,804,468,368,2130,217,1034,1753,715,1312,209,1017,624,15,5257,349,311,294,398,22,396,771,17635,7411,4044,20861,3651,1395,25,84,718,61,16221,689,761,125,141,33,119,458,50,514,419,1336,71,177,309,7,14,78,234,250,209,2980,175,191,6982,39795,50,368,523,159367,6154,5,43271,8749,1853,14,1016,596,5415,9,8,9,4,68,1578,41,16,1010,51,196,199,215,189,914,233,200,252,581,21616,1921,1063,19,12,185,111,396,481,64,20652,62726,122,222,118,74,73,1873,280,21,52,61,31,369,207,686,69,1679,4,859,6863,8680,1160,588,501,236,340,1,752
"29",237,41484,6243,2842,341,135,34,4,4,2,1,2,4,430,799,29955,763,84,200,1226,3,13,660,43,8,12,116,26,10,57,368,7,8,331,279,7,9,38,36,8,4,18,10,12,10,5,15,14,8,22,11,35,30,5,6,16,11,9,48,9,216,26,23,7,15,1,83,6,55,2,9939,2,174,2,149,32,8,73,92,35,431,199,2234,195,78,493,21,17,18,45,16,32,1583,81,6,8,6,5,173,38,937,130,21,1504,7,7,4,11,214,3,17,66,19,579,17,6,36,7,8,9,6,38,302,352,6,4,3,6,76,14,6,105,21,4,41,286,43,3,25,468,23,3,115,17,8,194,18,112,164,462,573,1999,6,90,927,1529,10,132,64,5,27,27,34,71,1602,18,43,7,237,351,3043,25,6,25,10,51,35,112,2757,3971,5,5,10,134,4,152,102,12,6,7,26,7,5,31,8,56,253,1520,1168,90,134,72,249,424,19,1,362
"30",242,38701,5916,2643,305,98,35,4,0,2,4,4,1,680,1082,10742,806,81,147,120,7,4,5786,52,8,14,71,93,4,4,44,3,12,20,186,58,35,241,26,2,5,14,12,12,10,10,546,6,3,44,5,14,12,3,6,79,23,4,97,509,165,6,42,1,16,2,14,6,12,2,5,2,58,4,230,114,3,23,88,8,43,35,68,201,11,186,15,19,71,28,10,60,8,1,10,32,9,2,60,260,1164,454,25,1255,1,23,51,6,26,0,67,13,21,1313,3,3,17,45,5,2,13,42,286,35,3,2,0,4,4,17,3,119,32,4,3,623,6,5,5,1392,88,1,266,30,96,125,41,25,569,6,78,285,2,34,875,7,3,58,3,8,8,205,2,60,198,8,61,6,1381,181,232,78,1,123,5,14,7,104,12288,633,3,1,9,31,4,57,9,7,3,4,60,6,16,10,3,26,71,54,15,31,95,193,15,90,46,1,455
"31",249,24863,3498,1726,214,80,27,2,10,4,3,5,6,864,933,19562,961,102,196,4,7,7,65,81,16,11,56,58,10,8,13,79,33,32,14,277,220,90,33,22,15,29,26,16,19,19,174,14,5,25,33,16,22,17,4,7,13,6,7,9,11,4,27,8,27,6,21,6,5,17,87,6,9,3,8,115,13,18,9,13,299,9,25,133,9,51,22,32,38,28,13,13,5688,10,9,42,17,4,565,44,804,576,790,1199,189,67,5,6,20,4,82,28,23,180,31,7,27,30,8,14,14,54,480,116,23,7,2,5,280,21,8,117,18,17,661,1997,6,14,11,6255,316,8,2161,295,83,13,68,28,337,13,21,30,389,53,29,7,33,39,27,11,25,29,15,39,29,11,60,20,4478,166,29,11,7,27,15,15,7,13,150,119582,160,9,26,7,4,86,8,54,12,5,8,8,16,14,12,430,9,794,1260,50,212,20,11,11,21,0,4195
"32",278,42358,6425,3038,359,124,31,5,4,2,6,10,2,1120,1506,26775,1098,73,209,301,31,79,4580,1921,22,228,644,399,122,245,292,8,37,64,4,2007,1830,271,1343,89,23,204,116,166,50,150,1613,80,107,50,18,1084,475,67,46,1084,724,28,317,1787,175,4,115,5,45,24,2176,423,8,852,12,17,6,54,9,80,1052,1028,1749,730,29,78,2153,22,854,1594,124,251,240,881,538,205,15,113,102,279,55,11,71,198,6017,2290,1073,11123,1662,224,139,41,800,2,192,1313,526,41,229,60,461,177,44,447,42,1033,102,24,819,4,8,86,6,33,49,5568,667,16,4,1149,12,8,739,3406,187,8,695,78,7036,80,441,929,15569,5,7,11,13,14,14,5147,14,2088,10,346,153,471,492,2079,36,167,72,36,211,1129,2845,16,9,5272,59,233,873,88,15248,85,67,91,113,10,28,416,181,11,155,81,44,10,29,1471,43,21,9,11,14,162,3313,1539,730,742,107,0,4026
"33",288,34876,5493,2449,308,104,23,5,6,28,4,6,6,324,970,20488,813,121,230,18,397,104,331,333,60,174,927,382,260,175,15,89,601,495,461,1421,1386,2762,760,115,318,655,214,859,264,586,2481,97,63,241,116,362,99,256,101,276,159,44,52,60,13,51,1042,109,1235,59,342,558,36,42,2344,29,59,125,14,22,982,2000,413,588,46,509,1508,263,3211,1542,225,1258,325,596,430,19,4886,186,278,479,164,8,200,262,9793,4811,1570,12988,25,1077,47,143,2863,75,11021,976,367,17,84,35,108,505,54,143,332,1139,243,56,1100,9,28,82,245,456,168,2922,230,203,21,58215,11,332,93,230510,5340,12,14039,2298,1120,215,560,583,8902,14,18,16,7,13,34,384,37,667,140,71,115,395,125,986,424,156,117,122,14857,1363,3425,12,9,311,100,62,197,27,3949,91493,156,163,136,7,48,2669,173,12,69,51,575,376,205,401,115,273,10,2624,28525,1683,1174,462,582,58,356,0,3485
"34",322,45476,6983,3087,367,131,37,2,2,8,5,7,1,727,1176,33315,1472,100,265,1456,43,155,7929,357,17,41,258,96,36,339,48,6,63,41,18,135,29,232,86,21,18,69,55,77,19,54,374,69,27,43,31,208,119,23,40,255,85,17,426,4946,46,96,67,17,54,13,467,630,91,49,171,5,224,14,102,154,1053,138,109,253,696,199,7584,107,289,1818,358,226,70,298,172,478,29,42,46,30,27,13,161,223,4671,1652,1259,5568,1175,96,21,18,93,3,953,199,109,804,631,18,97,60,23,68,45,214,52,35,643,5,6,30,5,19,27,852,120,15,7,2686,48,4,104,10294,464,5,1367,279,3080,320,102,197,8131,1153,1317,1285,3,21,2118,5606,5,562,11,75,63,162,117,225,1452,77,94,18,1386,262,7005,47,11,213,24,144,145,349,14124,513,14,22,49,9,20,223,89,16,9,33,7,17,34,309,15,28,63,43,14,125,428,1287,242,1002,36,1,189
"35",334,33726,5012,2402,296,83,21,3,2,3,3,0,6,434,995,18800,491,78,211,278,28,476,627,276,203,32,1553,338,122,214,211,108,137,944,1687,70,42,1741,176,21,15,394,187,581,132,299,698,81,31,97,33,469,454,125,52,31,30,79,86,21,24,357,1424,57,1305,65,1289,10,67,11,12101,8,153,13,246,417,10,2511,2074,744,521,48,3741,66,2915,5482,2854,2338,224,1177,440,99,5470,292,301,260,189,7,161,2023,28438,11834,8988,37649,4739,494,28,34,2908,24,304,771,422,146,110,17,162,235,33,90,212,997,199,521,12,3,7,27,358,474,49,1736,225,544,2358,1502,104,15,606,4645,412,2,1200,380,3951,63,94,797,6022,158,7,2365,113,79,2077,28,4,1452,11,107,181,28,205,773,520,148,161,284,8363,711,4246,13,4,61,73,613,673,152,5696,37683,37,102,120,231,30,2085,167,9,49,82,8,8,147,809,41,503,62,2317,10336,6546,1237,1179,1347,767,122,1,326
"36",340,41129,6246,2685,343,124,41,3,5,14,8,3,8,1218,1205,27255,840,89,207,65,269,31,536,161,25,20,141,107,32,19,243,364,7,340,1340,19,21,266,47,10,11,93,35,38,37,55,360,41,12,37,17,242,65,18,47,10,27,10,12,359,39,52,68,12,42,16,204,13,160,3,5743,17,10,4,639,1345,39,120,111,110,399,36,202,212,279,1053,56,110,124,192,98,49,9795,79,49,29,22,6,1101,173,2188,1117,290,3200,51,63,27,6,80,6,115,204,80,26,30,8,39,61,20,123,20,135,125,132,67,0,3,19,376,26,15,638,93,22,898,913,339,13,32,3375,74,11,655,39,233,87,42,151,2082,11,1059,65,555,69,5398,2018,26,339,948,136,37,217,53,188,1552,54,285,21,23905,231,459,46,5,118,19,44,71,1914,25736,195113,17,16,46,45,12,371,42,660,5,13,26,18,28,130,6,12456,3,1982,68224,79,364,141,79,56,32,1,235
"37",343,13782,2262,1059,128,74,19,15,0,8,2,13,11,150,473,7759,323,31,90,14,362,930,218,187,110,435,838,433,408,359,52,3,8085,23,20,460,61,4632,96,67,227,1132,818,1112,289,721,1753,227,120,226,580,494,215,475,153,42,143,86,34,459,105,3,356,203,983,176,559,132,18,25,81,23,45,33,51,34,196,607,603,798,19,614,3598,51,773,1189,395,2478,169,842,728,32,316,322,727,137,828,28,158,668,9137,4527,1335,8754,1091,2003,93,88,348,117,13028,825,697,161,91,19,73,588,106,133,1089,561,34,55,268,12,42,117,3,423,301,2497,92,50,17,150124,35,1532,501,358410,30181,5,101615,30932,426,16,419,263,11512,128,129,309,4,135,169,531,8,886,92,42,123,209,245,671,42,266,176,304,54,1637,733,7,18,36,226,175,350,33,1684,145,160,250,97,98,55,1488,235,9,49,65,38,497,271,443,104,39,53,444,1339,14442,1151,503,417,52,429,1,193
"38",349,39636,6047,2782,333,138,38,17,7,16,11,16,12,285,1152,17448,532,60,202,50,480,574,197,868,68,356,1062,828,633,627,45,48,2481,99,673,8945,20872,1748,221,742,1298,1091,904,500,503,1103,8861,635,941,388,1948,486,170,364,182,449,311,162,20,54,46,38,459,506,1719,63,705,456,26,354,3538,51,16,579,18,176,756,942,335,1131,34,401,1551,116,569,1175,361,867,321,1184,726,34,2954,460,288,734,487,13,226,997,14706,6959,3025,16501,2576,3454,56,163,567,62,8116,926,1298,27,155,41,244,506,112,1107,772,2712,87,102,667,9,16,235,91,275,217,7046,217,28,237,61743,19,346,455,171546,24385,8,26375,2631,1538,39,4135,642,13439,14,23,17,242,29,27,455,249,643,124,46,202,567,271,1741,157,330,313,152,2516,5200,5968,22,13,193,102,157,531,50,6167,75869,344,306,124,63,133,1446,375,15,238,54,88,278,321,733,241,507,11,176,4871,4053,2463,1086,512,119,804,0,3901
"39",350,43439,6858,3126,369,154,37,11,1,17,5,1,6,482,1345,47904,853,180,336,18,43,32,57,96,29,32,169,127,38,28,472,18,139,74,169,137,10,545,132,28,28,95,94,158,47,67,489,47,24,75,64,63,49,27,11,161,78,14,15,20,53,124,177,26,169,25,109,170,48,15,7082,9,231,7,208,21,116,109,26,60,87,68,144,469,39,210,80,81,77,99,40,123,4464,23,51,36,43,11,54,139,2698,1653,576,3865,624,162,18,13,82,5,1723,171,72,20,12,16,67,108,27,27,56,256,267,382,273,12,8,16,98,78,33,794,83,5,494,32173,27,537,17,107768,4622,10,11510,6742,820,181,150,129,941,395,625,1271,5,37,10,1167,6,255,78,19,34,56,50,240,3808,32,77,17,67,388,169,24,8,22,26,16,54,1159,8422,22512,23,44,35,102,14,488,15,94,11,19,13,70,48,37,17,166,59,2123,30,1631,835,75,42,113,181,0,3676
"40",351,31016,5014,2098,245,127,26,14,3,4,5,17,7,161,406,2357,185,19,49,72,25,98,66,216,14,227,55,67,56,34,45,7,173,36,110,1086,811,121,29,38,83,31,70,95,17,38,245,33,40,61,226,58,14,40,6,216,47,12,22,28,13,119,7,41,24,7,42,32,5,55,124,4,23,25,8,19,21,48,55,76,10,109,77,6,9,61,55,87,37,42,13,64,707,9,19,16,67,14,94,73,1046,811,409,4164,6,127,32,12,25,3,2551,74,64,48,17,3,33,61,23,25,57,158,53,61,95,4,4,13,6,18,21,182,92,6,435,89076,25,53,25,321665,5459,1,55115,2475,776,16,273,64,821,4,43,35,69,9,62,70,9,57,61,25,24,34,39,134,493,17,46,12,3287,570,64,23,5,1096,32,15,15,54,1769,34407,25,9,14,17,14,59,15,166,9,18,39,82,14,57,20,154,3,34,1252,127,263,31,34,28,47,1,201
"41",360,34658,5557,2427,291,91,35,13,11,29,13,13,7,1336,1490,21729,1183,151,509,12,98,218,310,111,22,135,186,89,44,49,179,226,104,343,1557,78,63,408,221,26,54,83,72,198,31,76,556,29,26,39,85,239,131,44,16,41,44,25,170,25,245,12,332,22,414,24,257,12,11,33,36661,35,19,22,40,355,23,486,435,217,55,151,515,488,323,786,86,235,115,234,126,22,13038,95,68,101,43,12,647,119,1919,1087,761,2330,971,99,31,29,2651,24,2336,392,127,1567,86,14,91,86,22,39,182,286,177,648,65,12,11,32,148,54,83,941,101,48,1371,64372,20,60,64,95611,1898,13,18024,863,76,80,86,225,1327,132,1404,34,1187,221,55,2830,446,335,364,41,34,460,109,310,601,42,72,40,10654,415,6667,17,7,122,38,125,157,212,423,407981,40,27,57,92,18,976,76,632,23,30,19,104,29,243,29,1938,35,5483,14785,246,879,303,235,93,35,1,344
"42",385,48467,7331,3364,369,142,52,2,9,18,5,15,18,509,1063,14462,601,41,156,58,64,28,7065,277,14,60,92,96,28,32,37,5,261,114,184,843,1241,307,95,82,92,72,137,93,53,49,871,60,24,91,251,78,49,23,23,145,100,26,55,23,75,18,17,24,17,23,86,25,32,17,74,9,26,85,165,106,33,55,110,48,63,67,79,17,13,185,46,35,25,80,38,278,71,12,43,55,34,12,66,397,4838,3161,1892,8090,1186,242,21,12,18,3,1656,205,115,49,25,16,74,105,21,24,16,294,23,40,45,15,11,34,9,30,12,355,64,11,259,13622,13,63,24,54547,3117,13,5833,468,2280,49,438,104,2371,7,496,2359,368,10,12,25,8,433,20,28,37,113,22,241,1205,16,64,15,27,461,572,35,9,198,12,25,31,695,2233,2064,27,27,54,11,12,53,31,39,15,16,270,49,37,34,13,23,106,90,11,162,657,225,26,90,66,0,1748
"43",387,33896,5091,2346,278,112,31,4,7,8,1,7,6,421,894,8207,291,34,145,11,509,97,2165,231,23,106,450,280,133,84,15,55,384,172,61,3067,1876,1562,273,360,228,394,340,380,196,350,3250,237,64,220,444,350,141,151,66,21,289,30,24,16,12,6,241,39,296,38,306,2,3,22,179,76,39,164,9,8,4,533,142,255,55,114,690,90,91,261,229,271,142,384,206,23,3569,50,134,239,127,7,92,365,7660,6143,1121,15646,14,1006,32,71,1107,8,3503,816,393,17,29,31,75,233,51,388,149,1067,122,55,8,10,9,68,137,226,61,1953,266,6,15,87495,18,37,73,130769,29792,3,11576,533,1027,152,1272,229,11176,6,10,13,3,50,9,32,14,487,36,56,62,847,58,709,148,95,181,31,2650,1472,243,19,5,126,43,50,112,17,1558,35693,76,82,135,12,25,557,80,11,22,35,454,123,88,184,59,85,8,2102,281,814,1611,217,218,42,429,1,671
"44",394,34132,5126,2345,289,98,29,3,5,7,5,4,4,557,491,17959,313,63,306,7,113,24,402,523,18,52,166,246,25,26,47,56,95,194,1101,24,24,380,248,14,21,66,42,69,24,43,4193,29,13,34,20,629,168,23,12,28,153,4,19,515,5,218,205,6,181,9,364,31,41,25,9494,133,29,15,12,197,130,277,481,253,15,19,460,19,59,234,77,163,57,193,76,58,7790,25,38,71,25,10,251,125,3177,2381,632,7097,1738,89,14,12,110,13,110,628,162,17,32,10,23,59,13,59,41,671,718,183,132,0,4,15,219,21,7,2415,283,21,3554,1207,11,16,34,3588,117,5,636,154,127,118,85,347,11114,103,13,1288,753,21,206,302,219,828,13,112,54,1565,49,924,273,47,95,15,8356,511,284,18,6,907,13,32,108,38,1233,192081,16,32,119,14,12,569,16,30,12,48,30,11,23,114,9,1240,2,4566,73,204,2775,74,81,43,33,1,575
"45",396,43618,6598,2948,365,112,43,6,10,29,2,6,19,352,1486,22267,494,84,235,16,160,83,1662,129,34,56,193,117,76,112,19,72,4825,33,5,887,591,1862,52,57,83,164,111,133,68,136,864,65,35,122,126,225,91,166,31,22,123,19,21,80,9,20,148,25,488,27,214,7,12,25,6948,37,13,32,122,26,22,148,106,207,28,45,456,16,69,141,134,177,82,118,57,9,21814,29,120,176,82,11,1161,227,3961,2989,304,6715,26,308,32,31,98,21,388,397,162,38,46,22,44,188,19,41,75,311,1142,146,38,8,26,13,1260,119,14,973,109,29,33,9456,12,59,26,32370,1038,13,4863,2094,220,99,251,106,7008,21,19,26,11,26,12,36,13,206,29,32,37,337,39,324,117,66,83,42,20471,577,2238,48,18,61,28,29,86,37,200,263255,41,47,63,21,15,607,48,23,14,37,719,42,86,64,33,259,8,1728,3537,1965,464,105,31,19,93,0,1888
